		2019-10-19 07:34:05 #Asia 's Latest #Trade Spat Divides #PalmOil Giants Over #JammuAndKashmir #Malaysia ðŸ‡²ðŸ‡¾ #India ðŸ‡®ðŸ‡³ #UN https://t.co/sgHGOZTMQL2019-10-19 07:33:53 RT @IndiaGender : We must stop indoctrinating boys in #feminist ideology .

		Ideologically-driven activists are being invited into schools , dr ... 2019-10-19 07:33:52 RT @thejupaul : Business can provide #bags which are #biodegradable & #edible , made from #potato , #tapioca , #corn , natural #starch , vegetabl ... 2019-10-19 07:33:35 RT @IndiaGender : Majority or all of boys are raised predominantly by mothers .

		Majority of school teachers are female .

		So majority or all ... 2019-10-19 07:33:29 Its Festival Time !

		It 's Vacation Time !!

		.

		Book your service apartments / hotels with
HimNi Service Apartment	ORGANIZATION	and get ... https://t.co/Kfd8u7JWP42019-10-19 07:33:14 RT @thejupaul : Business can provide #bags which are #biodegradable & #edible , made from #potato , #tapioca , #corn , natural #starch , vegetabl ... 2019-10-19 07:33:10 RT @TheCanSir : @rahulroushan 2.5 Lakh Common Muslims came out on streets to protest against #KamleshTiwari for his comment on
Prophet	PERSON	.

		Zer ... 2019-10-19 07:33:01 RT @TentaranSports : Well-done !

		Another fifty by Hitman @ImRo45 .

		.

		.

		.

		.

		.

		.

		.

		.

		.

		.

		#INDvsSA #SAvsIND #hitman #rohitsharma #CPL2019 #CPL19 ... 2019-10-19 07:33:00 #China #Huawei has been squeezed out of countries by a few governments already , and so a possible contract with ... https://t.co/kI3Gkylzwf2019-10-19 07:32:57 RT @cybersecboardrm :
India	LOCATION	Ranked Third Worst For Data Privacy In Global Surveillance Index #India #privacy #CyberSecurity #surveillance @i ... 2019-10-19 07:32:48 RT @SamyGioia : #War is few steps away from making # 300CroreClub #India #War is a worldwide success !

		#HappyWeekend ðŸ˜˜ ðŸ˜˜ ðŸ˜˜ #Hrithikians Week 1 ... 2019-10-19 07:32:39 RT @ViraBurnayeva : Controlling Epidemic of Japanese Encephalitis with #Homeopathy in #India : Alternative to #Vaccines That Worked for 20 Mi ... 2019-10-19 07:32:38 RT @NH_India : Opener #RohitSharma led the repair work with a combative 38 after #India 's top-order batsmen faced heat for the first time in ... 2019-10-19 07:32:25 RT @sopaimages : A man with #barbed wire around his face seen during the demonstration in #Srinagar , #Kashmir , #India .

		Tensions have been es ... 2019-10-19 07:32:17 RT @thejupaul :
Nirmala Sitharaman	PERSON	- Minister of
Finance	ORGANIZATION	,
India	LOCATION	: #Economy of
Jammu	LOCATION	and
Kashmir	LOCATION	will improve rapidly , #boost development , ch ... 2019-10-19 07:32:16 All the best to #ShahbazNadeem for making his debut as a test player for #India at #Ranchi ... He is the 3rd player ... https://t.co/7lk20mFpE32019-10-19 07:32:14 RT @samirsaran : #India and the #QuestforSpice by @suvirsaran - interesting factfile written majestically and with some detours to nourish t ... 2019-10-19 07:32:08 RT @thejupaul : Me Too Movement :
Chinmayi	PERSON	accuses
Vairamuthu	PERSON	of 2 incidents of harassment https://t.co/hO9h2E6ZJY #MeToo #Movement #India ... 2019-10-19 07:31:49 #India failed to put #Pakistan in #BlackList Alhamdulillah we r given time upto #February to look on some issues .

		... https://t.co/nY40dVMfM32019-10-19 07:31:48 RT @IndiaGender : Guys if u are with a female like this , never hesitate to take video .

		That could be the only Evidence to prove ur innocence ...

